original,changed,target
104219.49741246756,150961.7623292439,150000
71848.56100043519,74758.34824785162,150000
38927.680737639435,69451.8005196143,150000
41946.05330848645,44389.10814410134,150000
37827.95634470725,44238.50535418995,150000
332773.21778198914,147381.6050435509,150000
31437.528854609376,43119.15345886277,150000
20438.730477156274,23521.18293034345,150000
