original,changed,target
0.132343415617913,0.07221443178120093,-0.005
-0.0034791852223055434,-0.044423963793966674,-0.04759365709494321
0.0789293999263884,0.12214721436841375,0.12304387179902607
0.11733972932415501,0.1587701424284133,0.16145420119679268
-0.04085724581079463,-0.08531101356317423,-0.0849717176834323
0.187112454505959,0.2290725450442909,0.23122692637859668
